[{"model": "reports.report", "pk": 1, "fields": {"created": "2017-10-15T21:48:16.289Z", "updated": "2017-10-15T23:06:43.739Z", "fan_count": 106032857, "likes": null, "total_visits": null, "company": 1, "social_media": 1}}, {"model": "reports.report", "pk": 2, "fields": {"created": "2017-10-15T21:48:20.531Z", "updated": "2017-10-15T23:07:06.996Z", "fan_count": 37342809, "likes": null, "total_visits": null, "company": 2, "social_media": 1}}, {"model": "reports.report", "pk": 3, "fields": {"created": "2017-10-15T21:54:08.840Z", "updated": "2017-10-15T23:07:11.309Z", "fan_count": 106032879, "likes": null, "total_visits": null, "company": 1, "social_media": 1}}, {"model": "reports.report", "pk": 4, "fields": {"created": "2017-10-15T21:54:11.115Z", "updated": "2017-10-15T23:07:21.818Z", "fan_count": 37342800, "likes": null, "total_visits": null, "company": 2, "social_media": 1}}, {"model": "reports.report", "pk": 5, "fields": {"created": "2017-10-15T22:24:11.939Z", "updated": "2017-10-15T23:07:25.718Z", "fan_count": 106032989, "likes": null, "total_visits": null, "company": 1, "social_media": 1}}, {"model": "reports.report", "pk": 6, "fields": {"created": "2017-10-15T22:24:14.180Z", "updated": "2017-10-15T23:08:07.915Z", "fan_count": 37342807, "likes": null, "total_visits": null, "company": 2, "social_media": 1}}, {"model": "reports.report", "pk": 7, "fields": {"created": "2017-10-15T22:24:16.385Z", "updated": "2017-10-15T23:08:03.466Z", "fan_count": 15201527, "likes": null, "total_visits": null, "company": 3, "social_media": 1}}, {"model": "reports.report", "pk": 8, "fields": {"created": "2017-10-15T22:24:18.600Z", "updated": "2017-10-15T23:07:58.426Z", "fan_count": 37109674, "likes": null, "total_visits": null, "company": 4, "social_media": 1}}, {"model": "reports.report", "pk": 9, "fields": {"created": "2017-10-15T23:00:00.409Z", "updated": "2017-10-15T23:07:54.032Z", "fan_count": 106033077, "likes": null, "total_visits": null, "company": 1, "social_media": 1}}, {"model": "reports.report", "pk": 10, "fields": {"created": "2017-10-15T23:00:02.589Z", "updated": "2017-10-15T23:07:43.342Z", "fan_count": 37342837, "likes": null, "total_visits": null, "company": 2, "social_media": 1}}, {"model": "reports.report", "pk": 11, "fields": {"created": "2017-10-15T23:00:04.822Z", "updated": "2017-10-15T23:07:38.389Z", "fan_count": 15201547, "likes": null, "total_visits": null, "company": 3, "social_media": 1}}, {"model": "reports.report", "pk": 12, "fields": {"created": "2017-10-15T23:00:07.039Z", "updated": "2017-10-15T23:07:33.626Z", "fan_count": 37109629, "likes": null, "total_visits": null, "company": 4, "social_media": 1}}, {"model": "reports.report", "pk": 13, "fields": {"created": "2017-10-16T00:00:01.347Z", "updated": "2017-10-16T00:00:01.347Z", "fan_count": 106033211, "likes": null, "total_visits": null, "company": 1, "social_media": 1}}, {"model": "reports.report", "pk": 14, "fields": {"created": "2017-10-16T00:00:03.521Z", "updated": "2017-10-16T00:00:03.521Z", "fan_count": 37342822, "likes": null, "total_visits": null, "company": 2, "social_media": 1}}, {"model": "reports.report", "pk": 15, "fields": {"created": "2017-10-16T00:00:05.693Z", "updated": "2017-10-16T00:00:05.693Z", "fan_count": 15201544, "likes": null, "total_visits": null, "company": 3, "social_media": 1}}, {"model": "reports.report", "pk": 16, "fields": {"created": "2017-10-16T00:00:08.046Z", "updated": "2017-10-16T00:00:08.046Z", "fan_count": 37109600, "likes": null, "total_visits": null, "company": 4, "social_media": 1}}, {"model": "reports.report", "pk": 17, "fields": {"created": "2017-10-16T00:30:00.403Z", "updated": "2017-10-16T00:30:00.404Z", "fan_count": 106033322, "likes": null, "total_visits": null, "company": 1, "social_media": 1}}, {"model": "reports.report", "pk": 18, "fields": {"created": "2017-10-16T00:30:04.338Z", "updated": "2017-10-16T00:30:04.338Z", "fan_count": 37342824, "likes": null, "total_visits": null, "company": 2, "social_media": 1}}, {"model": "reports.report", "pk": 19, "fields": {"created": "2017-10-16T00:30:09.324Z", "updated": "2017-10-16T00:30:09.324Z", "fan_count": 15201552, "likes": null, "total_visits": null, "company": 3, "social_media": 1}}, {"model": "reports.report", "pk": 20, "fields": {"created": "2017-10-16T00:30:10.369Z", "updated": "2017-10-16T00:30:10.369Z", "fan_count": 37109591, "likes": null, "total_visits": null, "company": 4, "social_media": 1}}, {"model": "reports.report", "pk": 21, "fields": {"created": "2017-10-16T01:00:00.417Z", "updated": "2017-10-16T01:00:00.417Z", "fan_count": 106033458, "likes": null, "total_visits": null, "company": 1, "social_media": 1}}, {"model": "reports.report", "pk": 22, "fields": {"created": "2017-10-16T01:00:04.301Z", "updated": "2017-10-16T01:00:04.301Z", "fan_count": 37342794, "likes": null, "total_visits": null, "company": 2, "social_media": 1}}, {"model": "reports.report", "pk": 23, "fields": {"created": "2017-10-16T01:00:08.284Z", "updated": "2017-10-16T01:00:08.284Z", "fan_count": 15201555, "likes": null, "total_visits": null, "company": 3, "social_media": 1}}, {"model": "reports.report", "pk": 24, "fields": {"created": "2017-10-16T01:00:09.948Z", "updated": "2017-10-16T01:00:09.948Z", "fan_count": 37109572, "likes": null, "total_visits": null, "company": 4, "social_media": 1}}, {"model": "reports.report", "pk": 25, "fields": {"created": "2017-10-16T02:18:05.165Z", "updated": "2017-10-16T02:18:05.165Z", "fan_count": 106033857, "likes": null, "total_visits": null, "company": 1, "social_media": 1}}, {"model": "reports.report", "pk": 26, "fields": {"created": "2017-10-16T02:18:07.854Z", "updated": "2017-10-16T02:18:07.854Z", "fan_count": 37342785, "likes": null, "total_visits": null, "company": 2, "social_media": 1}}, {"model": "reports.report", "pk": 27, "fields": {"created": "2017-10-16T02:18:11.339Z", "updated": "2017-10-16T02:18:11.339Z", "fan_count": 15201640, "likes": null, "total_visits": null, "company": 3, "social_media": 1}}, {"model": "reports.report", "pk": 28, "fields": {"created": "2017-10-16T02:18:13.507Z", "updated": "2017-10-16T02:18:13.507Z", "fan_count": 37109576, "likes": null, "total_visits": null, "company": 4, "social_media": 1}}, {"model": "reports.report", "pk": 29, "fields": {"created": "2017-10-16T03:00:00.249Z", "updated": "2017-10-16T03:00:00.249Z", "fan_count": 106034028, "likes": null, "total_visits": null, "company": 1, "social_media": 1}}, {"model": "reports.report", "pk": 30, "fields": {"created": "2017-10-16T03:00:02.812Z", "updated": "2017-10-16T03:00:02.812Z", "fan_count": 37342798, "likes": null, "total_visits": null, "company": 2, "social_media": 1}}, {"model": "reports.report", "pk": 31, "fields": {"created": "2017-10-16T03:00:05.353Z", "updated": "2017-10-16T03:00:05.353Z", "fan_count": 15201660, "likes": null, "total_visits": null, "company": 3, "social_media": 1}}, {"model": "reports.report", "pk": 32, "fields": {"created": "2017-10-16T03:00:07.812Z", "updated": "2017-10-16T03:00:07.812Z", "fan_count": 37109525, "likes": null, "total_visits": null, "company": 4, "social_media": 1}}, {"model": "reports.report", "pk": 33, "fields": {"created": "2017-10-16T03:00:10.228Z", "updated": "2017-10-16T03:00:10.228Z", "fan_count": 8517454, "likes": null, "total_visits": null, "company": 6, "social_media": 1}}, {"model": "reports.report", "pk": 34, "fields": {"created": "2017-10-16T04:00:00.548Z", "updated": "2017-10-16T04:00:00.548Z", "fan_count": 106034488, "likes": null, "total_visits": null, "company": 1, "social_media": 1}}, {"model": "reports.report", "pk": 35, "fields": {"created": "2017-10-16T04:00:04.204Z", "updated": "2017-10-16T04:00:04.204Z", "fan_count": 37342878, "likes": null, "total_visits": null, "company": 2, "social_media": 1}}, {"model": "reports.report", "pk": 36, "fields": {"created": "2017-10-16T04:00:08.375Z", "updated": "2017-10-16T04:00:08.375Z", "fan_count": 15201728, "likes": null, "total_visits": null, "company": 3, "social_media": 1}}, {"model": "reports.report", "pk": 37, "fields": {"created": "2017-10-16T04:00:10.569Z", "updated": "2017-10-16T04:00:10.569Z", "fan_count": 37109488, "likes": null, "total_visits": null, "company": 4, "social_media": 1}}, {"model": "reports.report", "pk": 38, "fields": {"created": "2017-10-16T04:00:10.578Z", "updated": "2017-10-16T04:00:10.578Z", "fan_count": 8517490, "likes": null, "total_visits": null, "company": 6, "social_media": 1}}, {"model": "reports.report", "pk": 39, "fields": {"created": "2017-10-16T05:00:01.125Z", "updated": "2017-10-16T05:00:01.125Z", "fan_count": 106035255, "likes": null, "total_visits": null, "company": 1, "social_media": 1}}, {"model": "reports.report", "pk": 40, "fields": {"created": "2017-10-16T05:00:04.925Z", "updated": "2017-10-16T05:00:04.925Z", "fan_count": 37343057, "likes": null, "total_visits": null, "company": 2, "social_media": 1}}, {"model": "reports.report", "pk": 41, "fields": {"created": "2017-10-16T05:00:08.814Z", "updated": "2017-10-16T05:00:08.814Z", "fan_count": 15201816, "likes": null, "total_visits": null, "company": 3, "social_media": 1}}, {"model": "reports.report", "pk": 42, "fields": {"created": "2017-10-16T05:00:10.952Z", "updated": "2017-10-16T05:00:10.952Z", "fan_count": 37109467, "likes": null, "total_visits": null, "company": 4, "social_media": 1}}, {"model": "reports.report", "pk": 43, "fields": {"created": "2017-10-16T05:00:11.496Z", "updated": "2017-10-16T05:00:11.497Z", "fan_count": 8517511, "likes": null, "total_visits": null, "company": 6, "social_media": 1}}, {"model": "reports.report", "pk": 44, "fields": {"created": "2017-10-16T06:00:00.285Z", "updated": "2017-10-16T06:00:00.285Z", "fan_count": 106035931, "likes": null, "total_visits": null, "company": 1, "social_media": 1}}, {"model": "reports.report", "pk": 45, "fields": {"created": "2017-10-16T06:00:03.931Z", "updated": "2017-10-16T06:00:03.931Z", "fan_count": 37343164, "likes": null, "total_visits": null, "company": 2, "social_media": 1}}, {"model": "reports.report", "pk": 46, "fields": {"created": "2017-10-16T06:00:07.952Z", "updated": "2017-10-16T06:00:07.952Z", "fan_count": 15201919, "likes": null, "total_visits": null, "company": 3, "social_media": 1}}, {"model": "reports.report", "pk": 47, "fields": {"created": "2017-10-16T06:00:10.299Z", "updated": "2017-10-16T06:00:10.299Z", "fan_count": 37109430, "likes": null, "total_visits": null, "company": 4, "social_media": 1}}, {"model": "reports.report", "pk": 48, "fields": {"created": "2017-10-16T06:00:10.306Z", "updated": "2017-10-16T06:00:10.306Z", "fan_count": 8517532, "likes": null, "total_visits": null, "company": 6, "social_media": 1}}, {"model": "reports.report", "pk": 49, "fields": {"created": "2017-10-16T07:00:00.527Z", "updated": "2017-10-16T07:00:00.527Z", "fan_count": 106036507, "likes": null, "total_visits": null, "company": 1, "social_media": 1}}, {"model": "reports.report", "pk": 50, "fields": {"created": "2017-10-16T07:00:04.155Z", "updated": "2017-10-16T07:00:04.156Z", "fan_count": 37343265, "likes": null, "total_visits": null, "company": 2, "social_media": 1}}, {"model": "reports.report", "pk": 51, "fields": {"created": "2017-10-16T07:00:08.058Z", "updated": "2017-10-16T07:00:08.058Z", "fan_count": 15202025, "likes": null, "total_visits": null, "company": 3, "social_media": 1}}, {"model": "reports.report", "pk": 52, "fields": {"created": "2017-10-16T07:00:11.018Z", "updated": "2017-10-16T07:00:11.025Z", "fan_count": 37109375, "likes": null, "total_visits": null, "company": 4, "social_media": 1}}, {"model": "reports.report", "pk": 53, "fields": {"created": "2017-10-16T07:00:11.132Z", "updated": "2017-10-16T07:00:11.133Z", "fan_count": 8517548, "likes": null, "total_visits": null, "company": 6, "social_media": 1}}, {"model": "reports.report", "pk": 54, "fields": {"created": "2017-10-16T11:54:02.006Z", "updated": "2017-10-16T11:54:02.007Z", "fan_count": 106039703, "likes": null, "total_visits": null, "company": 1, "social_media": 1}}, {"model": "reports.report", "pk": 55, "fields": {"created": "2017-10-16T11:54:03.692Z", "updated": "2017-10-16T11:54:03.692Z", "fan_count": 37343892, "likes": null, "total_visits": null, "company": 2, "social_media": 1}}, {"model": "reports.report", "pk": 56, "fields": {"created": "2017-10-16T11:54:05.633Z", "updated": "2017-10-16T11:54:05.633Z", "fan_count": 15202525, "likes": null, "total_visits": null, "company": 3, "social_media": 1}}, {"model": "reports.report", "pk": 57, "fields": {"created": "2017-10-16T11:54:06.623Z", "updated": "2017-10-16T11:54:06.623Z", "fan_count": 37109409, "likes": null, "total_visits": null, "company": 4, "social_media": 1}}, {"model": "reports.report", "pk": 58, "fields": {"created": "2017-10-16T11:54:08.850Z", "updated": "2017-10-16T11:54:08.850Z", "fan_count": 8517604, "likes": null, "total_visits": null, "company": 6, "social_media": 1}}, {"model": "reports.company", "pk": 1, "fields": {"created": "2017-10-15T21:37:51.837Z", "updated": "2017-10-15T21:37:51.837Z", "name": "cocacolacanada", "page_id": "cocacolacanada"}}, {"model": "reports.company", "pk": 2, "fields": {"created": "2017-10-15T21:37:51.839Z", "updated": "2017-10-15T21:37:51.839Z", "name": "pepsi", "page_id": "pepsi"}}, {"model": "reports.company", "pk": 3, "fields": {"created": "2017-10-15T22:01:20.281Z", "updated": "2017-10-15T22:01:20.281Z", "name": "DunkinDonuts", "page_id": "504997576203914"}}, {"model": "reports.company", "pk": 4, "fields": {"created": "2017-10-15T22:02:05.448Z", "updated": "2017-10-15T22:02:05.448Z", "name": "Starbucks", "page_id": "22092443056"}}, {"model": "reports.company", "pk": 6, "fields": {"created": "2017-10-16T02:52:56.798Z", "updated": "2017-10-16T02:52:56.964Z", "name": "mountaindew", "page_id": "21278871488"}}, {"model": "reports.socialmedia", "pk": 1, "fields": {"name": "Facebook", "service_type": "api"}}, {"model": "reports.socialmedia", "pk": 2, "fields": {"name": "Twitter", "service_type": "scrapper"}}]