_id,metric_name,metric_value,timestamp,media,page_id
ObjectId(590e0f2287df545e74443d6f),like,104248073,2017-05-06T18:00:02.076Z,facebook,cocacola
ObjectId(590e0f2387df545e74443d71),like,187296116,2017-05-06T18:00:03.251Z,facebook,facebook
ObjectId(590e0f2487df545e74443d73),like,82323173,2017-05-06T18:00:04.679Z,facebook,youtube
ObjectId(590e0f2687df545e74443d75),like,36489385,2017-05-06T18:00:06.028Z,facebook,pepsi
ObjectId(590e0f2987df545e74443d77),like,33183955,2017-05-06T18:00:09.453Z,facebook,walmart
ObjectId(590e0f2c87df545e74443d79),like,27274952,2017-05-06T18:00:12.395Z,facebook,amazon
ObjectId(590e0f2e87df545e74443d7b),like,12345278,2017-05-06T18:00:14.535Z,facebook,lego
ObjectId(590e0f3087df545e74443d7d),like,54637602,2017-05-06T18:00:16.146Z,facebook,barackobama
ObjectId(590e0f3187df545e74443d7f),like,44106489,2017-05-06T18:00:17.579Z,facebook,instagram
ObjectId(590e0f3287df545e74443d81),like,5574085,2017-05-06T18:00:18.989Z,facebook,wikipedia
ObjectId(590e118d87df545e74443d83),like,104248086,2017-05-06T18:10:21.657Z,facebook,cocacola
ObjectId(590e118e87df545e74443d85),like,187296217,2017-05-06T18:10:22.909Z,facebook,facebook
ObjectId(590e119087df545e74443d87),like,82323218,2017-05-06T18:10:24.466Z,facebook,youtube
ObjectId(590e119287df545e74443d89),like,36489424,2017-05-06T18:10:26.128Z,facebook,pepsi
ObjectId(590e119587df545e74443d8b),like,33183944,2017-05-06T18:10:29.105Z,facebook,walmart
ObjectId(590e119787df545e74443d8d),like,27274966,2017-05-06T18:10:31.021Z,facebook,amazon
ObjectId(590e119987df545e74443d8f),like,12345286,2017-05-06T18:10:33.083Z,facebook,lego
ObjectId(590e119a87df545e74443d91),like,54637604,2017-05-06T18:10:34.700Z,facebook,barackobama
ObjectId(590e119c87df545e74443d93),like,44106600,2017-05-06T18:10:36.172Z,facebook,instagram
ObjectId(590e119d87df545e74443d95),like,5574085,2017-05-06T18:10:37.745Z,facebook,wikipedia
ObjectId(590e13f787df545e74443d97),like,104248064,2017-05-06T18:20:39.560Z,facebook,cocacola
ObjectId(590e13f887df545e74443d99),like,187296327,2017-05-06T18:20:40.847Z,facebook,facebook
ObjectId(590e13fa87df545e74443d9b),like,82323234,2017-05-06T18:20:42.579Z,facebook,youtube
ObjectId(590e13fc87df545e74443d9d),like,36489471,2017-05-06T18:20:44.854Z,facebook,pepsi
ObjectId(590e13ff87df545e74443d9f),like,33183942,2017-05-06T18:20:47.977Z,facebook,walmart
ObjectId(590e140187df545e74443da1),like,27274978,2017-05-06T18:20:49.974Z,facebook,amazon
ObjectId(590e140487df545e74443da3),like,12345294,2017-05-06T18:20:52.238Z,facebook,lego
ObjectId(590e140587df545e74443da5),like,54637603,2017-05-06T18:20:53.888Z,facebook,barackobama
ObjectId(590e140787df545e74443da7),like,44106722,2017-05-06T18:20:55.434Z,facebook,instagram
ObjectId(590e140887df545e74443da9),like,5574086,2017-05-06T18:20:56.863Z,facebook,wikipedia
ObjectId(590e166287df545e74443dab),like,104248044,2017-05-06T18:30:58.919Z,facebook,cocacola
ObjectId(590e166487df545e74443dad),like,187296418,2017-05-06T18:31:00.091Z,facebook,facebook
ObjectId(590e166587df545e74443daf),like,82323259,2017-05-06T18:31:01.425Z,facebook,youtube
ObjectId(590e166687df545e74443db1),like,36489521,2017-05-06T18:31:02.816Z,facebook,pepsi
ObjectId(590e166987df545e74443db3),like,33183949,2017-05-06T18:31:05.782Z,facebook,walmart
ObjectId(590e166b87df545e74443db5),like,27274992,2017-05-06T18:31:07.804Z,facebook,amazon
ObjectId(590e166d87df545e74443db7),like,12345299,2017-05-06T18:31:09.860Z,facebook,lego
ObjectId(590e166f87df545e74443db9),like,54637597,2017-05-06T18:31:11.346Z,facebook,barackobama
ObjectId(590e167087df545e74443dbb),like,44106811,2017-05-06T18:31:12.983Z,facebook,instagram
ObjectId(590e167287df545e74443dbd),like,5574088,2017-05-06T18:31:14.620Z,facebook,wikipedia
ObjectId(590e18cc87df545e74443dbf),like,104248011,2017-05-06T18:41:16.433Z,facebook,cocacola
ObjectId(590e18cd87df545e74443dc1),like,187296542,2017-05-06T18:41:17.609Z,facebook,facebook
ObjectId(590e18cf87df545e74443dc3),like,82323297,2017-05-06T18:41:19.365Z,facebook,youtube
ObjectId(590e18d087df545e74443dc5),like,36489552,2017-05-06T18:41:20.808Z,facebook,pepsi
ObjectId(590e18d387df545e74443dc7),like,33183955,2017-05-06T18:41:23.499Z,facebook,walmart
ObjectId(590e18d587df545e74443dc9),like,27274999,2017-05-06T18:41:25.441Z,facebook,amazon
ObjectId(590e18d787df545e74443dcb),like,12345302,2017-05-06T18:41:27.581Z,facebook,lego
ObjectId(590e18d987df545e74443dcd),like,54637589,2017-05-06T18:41:29.059Z,facebook,barackobama
ObjectId(590e18da87df545e74443dcf),like,44106894,2017-05-06T18:41:30.601Z,facebook,instagram
ObjectId(590e18dc87df545e74443dd1),like,5574083,2017-05-06T18:41:32.129Z,facebook,wikipedia
ObjectId(590e1b3587df545e74443dd3),like,104247979,2017-05-06T18:51:33.823Z,facebook,cocacola
ObjectId(590e1b3787df545e74443dd5),like,187296660,2017-05-06T18:51:35.016Z,facebook,facebook
ObjectId(590e1b3887df545e74443dd7),like,82323339,2017-05-06T18:51:36.653Z,facebook,youtube
ObjectId(590e1b3a87df545e74443dd9),like,36489600,2017-05-06T18:51:38.400Z,facebook,pepsi
ObjectId(590e1b3d87df545e74443ddb),like,33183971,2017-05-06T18:51:41.228Z,facebook,walmart
ObjectId(590e1b3f87df545e74443ddd),like,27275017,2017-05-06T18:51:43.326Z,facebook,amazon
ObjectId(590e1b4187df545e74443ddf),like,12345314,2017-05-06T18:51:45.407Z,facebook,lego
ObjectId(590e1b4387df545e74443de1),like,54637594,2017-05-06T18:51:47.083Z,facebook,barackobama
ObjectId(590e1b4487df545e74443de3),like,44106999,2017-05-06T18:51:48.590Z,facebook,instagram
ObjectId(590e1b4687df545e74443de5),like,5574078,2017-05-06T18:51:50.190Z,facebook,wikipedia
ObjectId(590e1d9f87df545e74443de7),like,104247956,2017-05-06T19:01:51.973Z,facebook,cocacola
ObjectId(590e1da187df545e74443de9),like,187296814,2017-05-06T19:01:53.152Z,facebook,facebook
ObjectId(590e1da287df545e74443deb),like,82323359,2017-05-06T19:01:54.890Z,facebook,youtube
ObjectId(590e1da487df545e74443ded),like,36489633,2017-05-06T19:01:56.438Z,facebook,pepsi
ObjectId(590e1da787df545e74443def),like,33183970,2017-05-06T19:01:59.151Z,facebook,walmart
ObjectId(590e1da987df545e74443df1),like,27275037,2017-05-06T19:02:01.272Z,facebook,amazon
ObjectId(590e1dab87df545e74443df3),like,12345326,2017-05-06T19:02:03.744Z,facebook,lego
ObjectId(590e1dad87df545e74443df5),like,54637585,2017-05-06T19:02:05.423Z,facebook,barackobama
ObjectId(590e1dae87df545e74443df7),like,44107126,2017-05-06T19:02:06.938Z,facebook,instagram
ObjectId(590e1db087df545e74443df9),like,5574073,2017-05-06T19:02:08.733Z,facebook,wikipedia
ObjectId(590e200a87df545e74443dfb),like,104247950,2017-05-06T19:12:10.511Z,facebook,cocacola
ObjectId(590e200b87df545e74443dfd),like,187296951,2017-05-06T19:12:11.793Z,facebook,facebook
ObjectId(590e200d87df545e74443dff),like,82323388,2017-05-06T19:12:13.365Z,facebook,youtube
ObjectId(590e200e87df545e74443e01),like,36489685,2017-05-06T19:12:14.870Z,facebook,pepsi
ObjectId(590e201187df545e74443e03),like,33183969,2017-05-06T19:12:17.575Z,facebook,walmart
ObjectId(590e201387df545e74443e05),like,27275051,2017-05-06T19:12:19.893Z,facebook,amazon
ObjectId(590e201687df545e74443e07),like,12345327,2017-05-06T19:12:22.061Z,facebook,lego
ObjectId(590e201787df545e74443e09),like,54637591,2017-05-06T19:12:23.753Z,facebook,barackobama
ObjectId(590e201987df545e74443e0b),like,44107275,2017-05-06T19:12:25.159Z,facebook,instagram
ObjectId(590e201a87df545e74443e0d),like,5574076,2017-05-06T19:12:26.962Z,facebook,wikipedia
ObjectId(590e227487df545e74443e0f),like,104247907,2017-05-06T19:22:28.962Z,facebook,cocacola
ObjectId(590e227687df545e74443e11),like,187297116,2017-05-06T19:22:30.321Z,facebook,facebook
ObjectId(590e227787df545e74443e13),like,82323421,2017-05-06T19:22:31.890Z,facebook,youtube
ObjectId(590e227987df545e74443e15),like,36489707,2017-05-06T19:22:33.439Z,facebook,pepsi
ObjectId(590e227c87df545e74443e17),like,33183954,2017-05-06T19:22:36.320Z,facebook,walmart
ObjectId(590e227e87df545e74443e19),like,27275069,2017-05-06T19:22:38.554Z,facebook,amazon
ObjectId(590e228087df545e74443e1b),like,12345334,2017-05-06T19:22:40.972Z,facebook,lego
ObjectId(590e228287df545e74443e1d),like,54637582,2017-05-06T19:22:42.540Z,facebook,barackobama
ObjectId(590e228487df545e74443e1f),like,44107388,2017-05-06T19:22:44.104Z,facebook,instagram
ObjectId(590e228587df545e74443e21),like,5574073,2017-05-06T19:22:45.873Z,facebook,wikipedia
ObjectId(590e24df87df545e74443e23),like,104247885,2017-05-06T19:32:47.824Z,facebook,cocacola
ObjectId(590e24e187df545e74443e25),like,187297295,2017-05-06T19:32:49.475Z,facebook,facebook
ObjectId(590e24e387df545e74443e27),like,82323469,2017-05-06T19:32:51.419Z,facebook,youtube
ObjectId(590e24e587df545e74443e29),like,36489723,2017-05-06T19:32:53.882Z,facebook,pepsi
ObjectId(590e24e987df545e74443e2b),like,33183964,2017-05-06T19:32:57.230Z,facebook,walmart
ObjectId(590e24ec87df545e74443e2d),like,27275088,2017-05-06T19:33:00.129Z,facebook,amazon
ObjectId(590e24ee87df545e74443e2f),like,12345345,2017-05-06T19:33:02.405Z,facebook,lego
ObjectId(590e24f087df545e74443e31),like,54637547,2017-05-06T19:33:04.509Z,facebook,barackobama
ObjectId(590e24f287df545e74443e33),like,44107524,2017-05-06T19:33:06.020Z,facebook,instagram
ObjectId(590e24f387df545e74443e35),like,5574074,2017-05-06T19:33:07.580Z,facebook,wikipedia
ObjectId(590e274d87df545e74443e37),like,104247864,2017-05-06T19:43:09.795Z,facebook,cocacola
ObjectId(590e275087df545e74443e39),like,187297453,2017-05-06T19:43:12.444Z,facebook,facebook
ObjectId(590e275287df545e74443e3b),like,82323492,2017-05-06T19:43:14.559Z,facebook,youtube
ObjectId(590e275487df545e74443e3d),like,36489755,2017-05-06T19:43:16.216Z,facebook,pepsi
ObjectId(590e275787df545e74443e3f),like,33183960,2017-05-06T19:43:19.637Z,facebook,walmart
ObjectId(590e275a87df545e74443e41),like,27275117,2017-05-06T19:43:22.614Z,facebook,amazon
ObjectId(590e275d87df545e74443e43),like,12345363,2017-05-06T19:43:25.228Z,facebook,lego
ObjectId(590e275f87df545e74443e45),like,54637542,2017-05-06T19:43:27.455Z,facebook,barackobama
ObjectId(590e276187df545e74443e47),like,44107653,2017-05-06T19:43:29.570Z,facebook,instagram
ObjectId(590e276387df545e74443e49),like,5574072,2017-05-06T19:43:31.131Z,facebook,wikipedia
ObjectId(590e29bc87df545e74443e4b),like,104247845,2017-05-06T19:53:32.934Z,facebook,cocacola
ObjectId(590e29be87df545e74443e4d),like,187297615,2017-05-06T19:53:34.350Z,facebook,facebook
ObjectId(590e29c087df545e74443e4f),like,82323543,2017-05-06T19:53:36.868Z,facebook,youtube
ObjectId(590e29c287df545e74443e51),like,36489773,2017-05-06T19:53:38.760Z,facebook,pepsi
ObjectId(590e29c587df545e74443e53),like,33183966,2017-05-06T19:53:41.845Z,facebook,walmart
ObjectId(590e29c887df545e74443e55),like,27275141,2017-05-06T19:53:44.156Z,facebook,amazon
ObjectId(590e29ca87df545e74443e57),like,12345380,2017-05-06T19:53:46.424Z,facebook,lego
ObjectId(590e29cc87df545e74443e59),like,54637526,2017-05-06T19:53:48.596Z,facebook,barackobama
ObjectId(590e29ce87df545e74443e5b),like,44107757,2017-05-06T19:53:50.147Z,facebook,instagram
ObjectId(590e29d087df545e74443e5d),like,5574071,2017-05-06T19:53:52.421Z,facebook,wikipedia
ObjectId(590e2c2a87df545e74443e5f),like,104247840,2017-05-06T20:03:54.142Z,facebook,cocacola
ObjectId(590e2c2b87df545e74443e61),like,187297780,2017-05-06T20:03:55.313Z,facebook,facebook
ObjectId(590e2c2d87df545e74443e63),like,82323578,2017-05-06T20:03:57.080Z,facebook,youtube
ObjectId(590e2c2e87df545e74443e65),like,36489785,2017-05-06T20:03:58.600Z,facebook,pepsi
ObjectId(590e2c3187df545e74443e67),like,33183960,2017-05-06T20:04:01.304Z,facebook,walmart
ObjectId(590e2c3387df545e74443e69),like,27275161,2017-05-06T20:04:03.417Z,facebook,amazon
ObjectId(590e2c3587df545e74443e6b),like,12345390,2017-05-06T20:04:05.381Z,facebook,lego
ObjectId(590e2c3787df545e74443e6d),like,54637508,2017-05-06T20:04:07.065Z,facebook,barackobama
ObjectId(590e2c3887df545e74443e6f),like,44107887,2017-05-06T20:04:08.598Z,facebook,instagram
ObjectId(590e2c3a87df545e74443e71),like,5574070,2017-05-06T20:04:10.144Z,facebook,wikipedia
ObjectId(590e2e9487df545e74443e73),like,104247832,2017-05-06T20:14:12.057Z,facebook,cocacola
ObjectId(590e2e9587df545e74443e75),like,187297934,2017-05-06T20:14:13.229Z,facebook,facebook
ObjectId(590e2e9787df545e74443e77),like,82323599,2017-05-06T20:14:15.076Z,facebook,youtube
ObjectId(590e2e9887df545e74443e79),like,36489788,2017-05-06T20:14:16.516Z,facebook,pepsi
ObjectId(590e2e9b87df545e74443e7b),like,33183947,2017-05-06T20:14:19.329Z,facebook,walmart
ObjectId(590e2e9d87df545e74443e7d),like,27275177,2017-05-06T20:14:21.334Z,facebook,amazon
ObjectId(590e2e9f87df545e74443e7f),like,12345405,2017-05-06T20:14:23.973Z,facebook,lego
ObjectId(590e2ea187df545e74443e81),like,54637511,2017-05-06T20:14:25.596Z,facebook,barackobama
ObjectId(590e2ea387df545e74443e83),like,44107999,2017-05-06T20:14:27.415Z,facebook,instagram
ObjectId(590e2ea487df545e74443e85),like,5574069,2017-05-06T20:14:28.980Z,facebook,wikipedia
ObjectId(590e30fe87df545e74443e87),like,104247827,2017-05-06T20:24:30.789Z,facebook,cocacola
ObjectId(590e30ff87df545e74443e89),like,187298100,2017-05-06T20:24:31.958Z,facebook,facebook
ObjectId(590e310187df545e74443e8b),like,82323624,2017-05-06T20:24:33.633Z,facebook,youtube
ObjectId(590e310387df545e74443e8d),like,36489811,2017-05-06T20:24:35.050Z,facebook,pepsi
ObjectId(590e310587df545e74443e8f),like,33183948,2017-05-06T20:24:37.957Z,facebook,walmart
ObjectId(590e310887df545e74443e91),like,27275210,2017-05-06T20:24:40.074Z,facebook,amazon
ObjectId(590e310a87df545e74443e93),like,12345417,2017-05-06T20:24:42.249Z,facebook,lego
ObjectId(590e310b87df545e74443e95),like,54637512,2017-05-06T20:24:43.976Z,facebook,barackobama
ObjectId(590e310d87df545e74443e97),like,44108123,2017-05-06T20:24:45.534Z,facebook,instagram
ObjectId(590e310f87df545e74443e99),like,5574068,2017-05-06T20:24:46.998Z,facebook,wikipedia
ObjectId(590e336887df545e74443e9b),like,104247851,2017-05-06T20:34:48.812Z,facebook,cocacola
ObjectId(590e336a87df545e74443e9d),like,187298257,2017-05-06T20:34:50.091Z,facebook,facebook
ObjectId(590e336b87df545e74443e9f),like,82323669,2017-05-06T20:34:51.678Z,facebook,youtube
ObjectId(590e336d87df545e74443ea1),like,36489832,2017-05-06T20:34:53.574Z,facebook,pepsi
ObjectId(590e337087df545e74443ea3),like,33183962,2017-05-06T20:34:56.240Z,facebook,walmart
ObjectId(590e337287df545e74443ea5),like,27275238,2017-05-06T20:34:58.179Z,facebook,amazon
ObjectId(590e337487df545e74443ea7),like,12345416,2017-05-06T20:35:00.266Z,facebook,lego
ObjectId(590e337587df545e74443ea9),like,54637505,2017-05-06T20:35:01.954Z,facebook,barackobama
ObjectId(590e337787df545e74443eab),like,44108241,2017-05-06T20:35:03.468Z,facebook,instagram
ObjectId(590e337887df545e74443ead),like,5574069,2017-05-06T20:35:04.923Z,facebook,wikipedia
ObjectId(590e35d287df545e74443eaf),like,104247843,2017-05-06T20:45:06.749Z,facebook,cocacola
ObjectId(590e35d487df545e74443eb1),like,187298396,2017-05-06T20:45:08.020Z,facebook,facebook
ObjectId(590e35d587df545e74443eb3),like,82323692,2017-05-06T20:45:09.864Z,facebook,youtube
ObjectId(590e35d887df545e74443eb5),like,36489850,2017-05-06T20:45:12.226Z,facebook,pepsi
ObjectId(590e35db87df545e74443eb7),like,33183960,2017-05-06T20:45:15.412Z,facebook,walmart
ObjectId(590e35dd87df545e74443eb9),like,27275254,2017-05-06T20:45:17.445Z,facebook,amazon
ObjectId(590e35df87df545e74443ebb),like,12345424,2017-05-06T20:45:19.515Z,facebook,lego
ObjectId(590e35e187df545e74443ebd),like,54637483,2017-05-06T20:45:21.209Z,facebook,barackobama
ObjectId(590e35e287df545e74443ebf),like,44108355,2017-05-06T20:45:22.508Z,facebook,instagram
ObjectId(590e35e487df545e74443ec1),like,5574074,2017-05-06T20:45:24.082Z,facebook,wikipedia
ObjectId(590e383d87df545e74443ec3),like,104247866,2017-05-06T20:55:25.901Z,facebook,cocacola
ObjectId(590e383f87df545e74443ec5),like,187298466,2017-05-06T20:55:27.059Z,facebook,facebook
ObjectId(590e384087df545e74443ec7),like,82323688,2017-05-06T20:55:28.698Z,facebook,youtube
ObjectId(590e384287df545e74443ec9),like,36489858,2017-05-06T20:55:30.173Z,facebook,pepsi
ObjectId(590e384487df545e74443ecb),like,33183948,2017-05-06T20:55:32.753Z,facebook,walmart
ObjectId(590e384a87df545e74443ecd),like,27275276,2017-05-06T20:55:38.553Z,facebook,amazon
ObjectId(590e384c87df545e74443ecf),like,12345445,2017-05-06T20:55:40.430Z,facebook,lego
ObjectId(590e384d87df545e74443ed1),like,54637471,2017-05-06T20:55:41.987Z,facebook,barackobama
ObjectId(590e384f87df545e74443ed3),like,44108456,2017-05-06T20:55:43.501Z,facebook,instagram
ObjectId(590e385087df545e74443ed5),like,5574076,2017-05-06T20:55:44.970Z,facebook,wikipedia
ObjectId(590e3aaa87df545e74443ed7),like,104247846,2017-05-06T21:05:46.897Z,facebook,cocacola
ObjectId(590e3aac87df545e74443ed9),like,187298615,2017-05-06T21:05:48.058Z,facebook,facebook
ObjectId(590e3aad87df545e74443edb),like,82323726,2017-05-06T21:05:49.597Z,facebook,youtube
ObjectId(590e3aaf87df545e74443edd),like,36489894,2017-05-06T21:05:51.150Z,facebook,pepsi
ObjectId(590e3ab187df545e74443edf),like,33183940,2017-05-06T21:05:53.781Z,facebook,walmart
ObjectId(590e3ab387df545e74443ee1),like,27275270,2017-05-06T21:05:55.751Z,facebook,amazon
ObjectId(590e3ab587df545e74443ee3),like,12345456,2017-05-06T21:05:57.721Z,facebook,lego
ObjectId(590e3ab787df545e74443ee5),like,54637476,2017-05-06T21:05:59.304Z,facebook,barackobama
ObjectId(590e3ab887df545e74443ee7),like,44108582,2017-05-06T21:06:00.831Z,facebook,instagram
ObjectId(590e3aba87df545e74443ee9),like,5574069,2017-05-06T21:06:02.591Z,facebook,wikipedia
ObjectId(590e3d1487df545e74443eeb),like,104247839,2017-05-06T21:16:04.310Z,facebook,cocacola
ObjectId(590e3d1587df545e74443eed),like,187298766,2017-05-06T21:16:05.794Z,facebook,facebook
ObjectId(590e3d1787df545e74443eef),like,82323765,2017-05-06T21:16:07.211Z,facebook,youtube
ObjectId(590e3d1887df545e74443ef1),like,36489914,2017-05-06T21:16:08.656Z,facebook,pepsi
ObjectId(590e3d1b87df545e74443ef3),like,33183933,2017-05-06T21:16:11.403Z,facebook,walmart
ObjectId(590e3d1d87df545e74443ef5),like,27275279,2017-05-06T21:16:13.484Z,facebook,amazon
ObjectId(590e3d1f87df545e74443ef7),like,12345458,2017-05-06T21:16:15.438Z,facebook,lego
ObjectId(590e3d2187df545e74443ef9),like,54637462,2017-05-06T21:16:17.024Z,facebook,barackobama
ObjectId(590e3d2287df545e74443efb),like,44108712,2017-05-06T21:16:18.544Z,facebook,instagram
ObjectId(590e3d2487df545e74443efd),like,5574066,2017-05-06T21:16:20.106Z,facebook,wikipedia
ObjectId(590e3f7d87df545e74443eff),like,104247825,2017-05-06T21:26:21.924Z,facebook,cocacola
ObjectId(590e3f7f87df545e74443f01),like,187298868,2017-05-06T21:26:23.104Z,facebook,facebook
ObjectId(590e3f8087df545e74443f03),like,82323763,2017-05-06T21:26:24.625Z,facebook,youtube
ObjectId(590e3f8287df545e74443f05),like,36489939,2017-05-06T21:26:26.102Z,facebook,pepsi
ObjectId(590e3f8487df545e74443f07),like,33183926,2017-05-06T21:26:28.823Z,facebook,walmart
ObjectId(590e3f8687df545e74443f09),like,27275299,2017-05-06T21:26:30.787Z,facebook,amazon
ObjectId(590e3f8887df545e74443f0b),like,12345471,2017-05-06T21:26:32.751Z,facebook,lego
ObjectId(590e3f8a87df545e74443f0d),like,54637449,2017-05-06T21:26:34.344Z,facebook,barackobama
ObjectId(590e3f8c87df545e74443f0f),like,44108826,2017-05-06T21:26:36.053Z,facebook,instagram
ObjectId(590e3f8d87df545e74443f11),like,5574061,2017-05-06T21:26:37.520Z,facebook,wikipedia
ObjectId(590e41e787df545e74443f13),like,104247823,2017-05-06T21:36:39.245Z,facebook,cocacola
ObjectId(590e41e887df545e74443f15),like,187298973,2017-05-06T21:36:40.817Z,facebook,facebook
ObjectId(590e41ea87df545e74443f17),like,82323803,2017-05-06T21:36:42.557Z,facebook,youtube
ObjectId(590e41ec87df545e74443f19),like,36489957,2017-05-06T21:36:44.009Z,facebook,pepsi
ObjectId(590e41ee87df545e74443f1b),like,33183926,2017-05-06T21:36:46.652Z,facebook,walmart
ObjectId(590e41f087df545e74443f1d),like,27275301,2017-05-06T21:36:48.611Z,facebook,amazon
ObjectId(590e41f287df545e74443f1f),like,12345489,2017-05-06T21:36:50.573Z,facebook,lego
ObjectId(590e41f487df545e74443f21),like,54637437,2017-05-06T21:36:52.168Z,facebook,barackobama
ObjectId(590e41f687df545e74443f23),like,44108932,2017-05-06T21:36:54.391Z,facebook,instagram
ObjectId(590e41f787df545e74443f25),like,5574062,2017-05-06T21:36:55.859Z,facebook,wikipedia
ObjectId(590e445187df545e74443f27),like,104247817,2017-05-06T21:46:57.982Z,facebook,cocacola
ObjectId(590e445387df545e74443f29),like,187299097,2017-05-06T21:46:59.254Z,facebook,facebook
ObjectId(590e445487df545e74443f2b),like,82323852,2017-05-06T21:47:00.698Z,facebook,youtube
ObjectId(590e445687df545e74443f2d),like,36489966,2017-05-06T21:47:02.440Z,facebook,pepsi
ObjectId(590e445987df545e74443f2f),like,33183919,2017-05-06T21:47:05.363Z,facebook,walmart
ObjectId(590e445b87df545e74443f31),like,27275315,2017-05-06T21:47:07.502Z,facebook,amazon
ObjectId(590e445d87df545e74443f33),like,12345499,2017-05-06T21:47:09.428Z,facebook,lego
ObjectId(590e445f87df545e74443f35),like,54637424,2017-05-06T21:47:11.219Z,facebook,barackobama
ObjectId(590e446087df545e74443f37),like,44109029,2017-05-06T21:47:12.737Z,facebook,instagram
ObjectId(590e446387df545e74443f39),like,5574061,2017-05-06T21:47:15.421Z,facebook,wikipedia
ObjectId(590e46bd87df545e74443f3b),like,104247852,2017-05-06T21:57:17.247Z,facebook,cocacola
ObjectId(590e46bf87df545e74443f3d),like,187299234,2017-05-06T21:57:19.242Z,facebook,facebook
ObjectId(590e46c187df545e74443f3f),like,82323874,2017-05-06T21:57:21.992Z,facebook,youtube
ObjectId(590e46c487df545e74443f41),like,36489981,2017-05-06T21:57:24.680Z,facebook,pepsi
ObjectId(590e46c787df545e74443f43),like,33183913,2017-05-06T21:57:27.390Z,facebook,walmart
ObjectId(590e46ca87df545e74443f45),like,27275327,2017-05-06T21:57:30.138Z,facebook,amazon
ObjectId(590e46cc87df545e74443f47),like,12345501,2017-05-06T21:57:32.175Z,facebook,lego
ObjectId(590e46ce87df545e74443f49),like,54637431,2017-05-06T21:57:34.269Z,facebook,barackobama
ObjectId(590e46cf87df545e74443f4b),like,44109155,2017-05-06T21:57:35.880Z,facebook,instagram
ObjectId(590e46d187df545e74443f4d),like,5574067,2017-05-06T21:57:37.349Z,facebook,wikipedia
ObjectId(590e492b87df545e74443f4f),like,104247839,2017-05-06T22:07:39.263Z,facebook,cocacola
ObjectId(590e492c87df545e74443f51),like,187299394,2017-05-06T22:07:40.641Z,facebook,facebook
ObjectId(590e492e87df545e74443f53),like,82323885,2017-05-06T22:07:42.690Z,facebook,youtube
ObjectId(590e493087df545e74443f55),like,36489993,2017-05-06T22:07:44.482Z,facebook,pepsi
ObjectId(590e493387df545e74443f57),like,33183919,2017-05-06T22:07:47.774Z,facebook,walmart
ObjectId(590e493687df545e74443f59),like,27275329,2017-05-06T22:07:50.728Z,facebook,amazon
ObjectId(590e493a87df545e74443f5b),like,12345507,2017-05-06T22:07:54.087Z,facebook,lego
ObjectId(590e493b87df545e74443f5d),like,54637428,2017-05-06T22:07:55.981Z,facebook,barackobama
ObjectId(590e493d87df545e74443f5f),like,44109269,2017-05-06T22:07:57.904Z,facebook,instagram
ObjectId(590e493f87df545e74443f61),like,5574062,2017-05-06T22:07:59.979Z,facebook,wikipedia
ObjectId(590e4b9987df545e74443f63),like,104247815,2017-05-06T22:18:01.700Z,facebook,cocacola
ObjectId(590e4b9b87df545e74443f65),like,187299603,2017-05-06T22:18:03.489Z,facebook,facebook
ObjectId(590e4b9d87df545e74443f67),like,82323923,2017-05-06T22:18:05.029Z,facebook,youtube
ObjectId(590e4b9e87df545e74443f69),like,36490018,2017-05-06T22:18:06.769Z,facebook,pepsi
ObjectId(590e4ba287df545e74443f6b),like,33183912,2017-05-06T22:18:10.416Z,facebook,walmart
ObjectId(590e4ba487df545e74443f6d),like,27275338,2017-05-06T22:18:12.520Z,facebook,amazon
ObjectId(590e4ba787df545e74443f6f),like,12345514,2017-05-06T22:18:15.329Z,facebook,lego
ObjectId(590e4ba987df545e74443f71),like,54637414,2017-05-06T22:18:17.803Z,facebook,barackobama
ObjectId(590e4bab87df545e74443f73),like,44109383,2017-05-06T22:18:19.216Z,facebook,instagram
ObjectId(590e4bac87df545e74443f75),like,5574063,2017-05-06T22:18:20.776Z,facebook,wikipedia
ObjectId(590e4e0687df545e74443f77),like,104247827,2017-05-06T22:28:22.499Z,facebook,cocacola
ObjectId(590e4e0787df545e74443f79),like,187299822,2017-05-06T22:28:23.694Z,facebook,facebook
ObjectId(590e4e0987df545e74443f7b),like,82323954,2017-05-06T22:28:25.820Z,facebook,youtube
ObjectId(590e4e0b87df545e74443f7d),like,36490035,2017-05-06T22:28:27.677Z,facebook,pepsi
ObjectId(590e4e0e87df545e74443f7f),like,33183911,2017-05-06T22:28:30.892Z,facebook,walmart
ObjectId(590e4e1087df545e74443f81),like,27275351,2017-05-06T22:28:32.898Z,facebook,amazon
ObjectId(590e4e1387df545e74443f83),like,12345522,2017-05-06T22:28:34.997Z,facebook,lego
ObjectId(590e4e1487df545e74443f85),like,54637399,2017-05-06T22:28:36.647Z,facebook,barackobama
ObjectId(590e4e1687df545e74443f87),like,44109513,2017-05-06T22:28:38.066Z,facebook,instagram
ObjectId(590e4e1787df545e74443f89),like,5574060,2017-05-06T22:28:39.620Z,facebook,wikipedia
ObjectId(590e507187df545e74443f8b),like,104247845,2017-05-06T22:38:41.342Z,facebook,cocacola
ObjectId(590e507287df545e74443f8d),like,187300033,2017-05-06T22:38:42.520Z,facebook,facebook
ObjectId(590e507487df545e74443f8f),like,82323988,2017-05-06T22:38:44.151Z,facebook,youtube
ObjectId(590e507587df545e74443f91),like,36490048,2017-05-06T22:38:45.601Z,facebook,pepsi
ObjectId(590e507887df545e74443f93),like,33183899,2017-05-06T22:38:48.203Z,facebook,walmart
ObjectId(590e507a87df545e74443f95),like,27275373,2017-05-06T22:38:50.008Z,facebook,amazon
ObjectId(590e507b87df545e74443f97),like,12345526,2017-05-06T22:38:51.995Z,facebook,lego
ObjectId(590e507d87df545e74443f99),like,54637400,2017-05-06T22:38:53.560Z,facebook,barackobama
ObjectId(590e507e87df545e74443f9b),like,44109645,2017-05-06T22:38:54.963Z,facebook,instagram
ObjectId(590e508087df545e74443f9d),like,5574065,2017-05-06T22:38:56.429Z,facebook,wikipedia
ObjectId(590e52da87df545e74443f9f),like,104247873,2017-05-06T22:48:58.140Z,facebook,cocacola
ObjectId(590e52db87df545e74443fa1),like,187300216,2017-05-06T22:48:59.317Z,facebook,facebook
ObjectId(590e52dc87df545e74443fa3),like,82324017,2017-05-06T22:49:00.737Z,facebook,youtube
ObjectId(590e52de87df545e74443fa5),like,36490066,2017-05-06T22:49:02.190Z,facebook,pepsi
ObjectId(590e52e087df545e74443fa7),like,33183884,2017-05-06T22:49:04.723Z,facebook,walmart
ObjectId(590e52e287df545e74443fa9),like,27275383,2017-05-06T22:49:06.493Z,facebook,amazon
ObjectId(590e52e587df545e74443fab),like,12345533,2017-05-06T22:49:09.216Z,facebook,lego
ObjectId(590e52e687df545e74443fad),like,54637403,2017-05-06T22:49:10.870Z,facebook,barackobama
ObjectId(590e52e887df545e74443faf),like,44109747,2017-05-06T22:49:12.477Z,facebook,instagram
ObjectId(590e52e987df545e74443fb1),like,5574069,2017-05-06T22:49:13.942Z,facebook,wikipedia
ObjectId(590e554387df545e74443fb3),like,104247899,2017-05-06T22:59:15.655Z,facebook,cocacola
ObjectId(590e554587df545e74443fb5),like,187300417,2017-05-06T22:59:17.145Z,facebook,facebook
ObjectId(590e554687df545e74443fb7),like,82324067,2017-05-06T22:59:18.571Z,facebook,youtube
ObjectId(590e554887df545e74443fb9),like,36490087,2017-05-06T22:59:20.010Z,facebook,pepsi
ObjectId(590e554c87df545e74443fbb),like,33183889,2017-05-06T22:59:24.683Z,facebook,walmart
ObjectId(590e554e87df545e74443fbd),like,27275394,2017-05-06T22:59:26.685Z,facebook,amazon
ObjectId(590e555087df545e74443fbf),like,12345548,2017-05-06T22:59:28.849Z,facebook,lego
ObjectId(590e555287df545e74443fc1),like,54637415,2017-05-06T22:59:30.470Z,facebook,barackobama
ObjectId(590e555387df545e74443fc3),like,44109903,2017-05-06T22:59:31.940Z,facebook,instagram
ObjectId(590e555587df545e74443fc5),like,5574069,2017-05-06T22:59:33.411Z,facebook,wikipedia
ObjectId(590e57af87df545e74443fc7),like,104247897,2017-05-06T23:09:35.228Z,facebook,cocacola
ObjectId(590e57b087df545e74443fc9),like,187300647,2017-05-06T23:09:36.399Z,facebook,facebook
ObjectId(590e57b187df545e74443fcb),like,82324119,2017-05-06T23:09:37.830Z,facebook,youtube
ObjectId(590e57b387df545e74443fcd),like,36490088,2017-05-06T23:09:39.190Z,facebook,pepsi
ObjectId(590e57b587df545e74443fcf),like,33183894,2017-05-06T23:09:41.777Z,facebook,walmart
ObjectId(590e57b787df545e74443fd1),like,27275404,2017-05-06T23:09:43.688Z,facebook,amazon
ObjectId(590e57b987df545e74443fd3),like,12345564,2017-05-06T23:09:45.857Z,facebook,lego
ObjectId(590e57bb87df545e74443fd5),like,54637428,2017-05-06T23:09:47.360Z,facebook,barackobama
ObjectId(590e57bd87df545e74443fd7),like,44110040,2017-05-06T23:09:49.222Z,facebook,instagram
ObjectId(590e57bf87df545e74443fd9),like,5574071,2017-05-06T23:09:51.477Z,facebook,wikipedia
ObjectId(590e5a1987df545e74443fdb),like,104247940,2017-05-06T23:19:53.251Z,facebook,cocacola
ObjectId(590e5a1a87df545e74443fdd),like,187300838,2017-05-06T23:19:54.359Z,facebook,facebook
ObjectId(590e5a1b87df545e74443fdf),like,82324176,2017-05-06T23:19:55.753Z,facebook,youtube
ObjectId(590e5a1d87df545e74443fe1),like,36490106,2017-05-06T23:19:57.912Z,facebook,pepsi
ObjectId(590e5a2087df545e74443fe3),like,33183897,2017-05-06T23:20:00.834Z,facebook,walmart
ObjectId(590e5a2287df545e74443fe5),like,27275416,2017-05-06T23:20:02.837Z,facebook,amazon
ObjectId(590e5a2487df545e74443fe7),like,12345579,2017-05-06T23:20:04.795Z,facebook,lego
ObjectId(590e5a2687df545e74443fe9),like,54637439,2017-05-06T23:20:06.391Z,facebook,barackobama
ObjectId(590e5a2787df545e74443feb),like,44110161,2017-05-06T23:20:07.929Z,facebook,instagram
ObjectId(590e5a2987df545e74443fed),like,5574069,2017-05-06T23:20:09.467Z,facebook,wikipedia
ObjectId(590e5c8387df545e74443fef),like,104247961,2017-05-06T23:30:11.176Z,facebook,cocacola
ObjectId(590e5c8487df545e74443ff1),like,187301092,2017-05-06T23:30:12.355Z,facebook,facebook
ObjectId(590e5c8587df545e74443ff3),like,82324214,2017-05-06T23:30:13.996Z,facebook,youtube
ObjectId(590e5c8787df545e74443ff5),like,36490117,2017-05-06T23:30:15.540Z,facebook,pepsi
ObjectId(590e5c8a87df545e74443ff7),like,33183904,2017-05-06T23:30:18.245Z,facebook,walmart
ObjectId(590e5c8c87df545e74443ff9),like,27275416,2017-05-06T23:30:20.040Z,facebook,amazon
ObjectId(590e5c8e87df545e74443ffb),like,12345589,2017-05-06T23:30:22.049Z,facebook,lego
ObjectId(590e5c8f87df545e74443ffd),like,54637437,2017-05-06T23:30:23.599Z,facebook,barackobama
ObjectId(590e5c9187df545e74443fff),like,44110310,2017-05-06T23:30:25.138Z,facebook,instagram
ObjectId(590e5c9287df545e74444001),like,5574074,2017-05-06T23:30:26.568Z,facebook,wikipedia
ObjectId(590e5eec87df545e74444003),like,104248004,2017-05-06T23:40:28.286Z,facebook,cocacola
ObjectId(590e5eed87df545e74444005),like,187301399,2017-05-06T23:40:29.456Z,facebook,facebook
ObjectId(590e5eee87df545e74444007),like,82324241,2017-05-06T23:40:30.992Z,facebook,youtube
ObjectId(590e5ef087df545e74444009),like,36490114,2017-05-06T23:40:32.334Z,facebook,pepsi
ObjectId(590e5ef287df545e7444400b),like,33183906,2017-05-06T23:40:34.945Z,facebook,walmart
ObjectId(590e5ef487df545e7444400d),like,27275414,2017-05-06T23:40:36.841Z,facebook,amazon
ObjectId(590e5ef687df545e7444400f),like,12345600,2017-05-06T23:40:38.803Z,facebook,lego
ObjectId(590e5ef887df545e74444011),like,54637452,2017-05-06T23:40:40.492Z,facebook,barackobama
ObjectId(590e5ef987df545e74444013),like,44110422,2017-05-06T23:40:41.941Z,facebook,instagram
ObjectId(590e5efb87df545e74444015),like,5574072,2017-05-06T23:40:43.472Z,facebook,wikipedia
ObjectId(590e615587df545e74444017),like,104248021,2017-05-06T23:50:45.190Z,facebook,cocacola
ObjectId(590e615687df545e74444019),like,187301658,2017-05-06T23:50:46.763Z,facebook,facebook
ObjectId(590e615887df545e7444401b),like,82324272,2017-05-06T23:50:48.300Z,facebook,youtube
ObjectId(590e615987df545e7444401d),like,36490130,2017-05-06T23:50:49.749Z,facebook,pepsi
ObjectId(590e615c87df545e7444401f),like,33183906,2017-05-06T23:50:52.352Z,facebook,walmart
ObjectId(590e615e87df545e74444021),like,27275418,2017-05-06T23:50:54.257Z,facebook,amazon
ObjectId(590e616087df545e74444023),like,12345608,2017-05-06T23:50:56.223Z,facebook,lego
ObjectId(590e616287df545e74444025),like,54637462,2017-05-06T23:50:58.016Z,facebook,barackobama
ObjectId(590e616387df545e74444027),like,44110571,2017-05-06T23:50:59.325Z,facebook,instagram
ObjectId(590e616487df545e74444029),like,5574071,2017-05-06T23:51:00.816Z,facebook,wikipedia
ObjectId(590e63be87df545e7444402b),like,104248059,2017-05-07T00:01:02.598Z,facebook,cocacola
ObjectId(590e63bf87df545e7444402d),like,187301858,2017-05-07T00:01:03.974Z,facebook,facebook
ObjectId(590e63c187df545e7444402f),like,82324324,2017-05-07T00:01:05.504Z,facebook,youtube
ObjectId(590e63c287df545e74444031),like,36490147,2017-05-07T00:01:06.849Z,facebook,pepsi
ObjectId(590e63c587df545e74444033),like,33183915,2017-05-07T00:01:09.555Z,facebook,walmart
ObjectId(590e63c787df545e74444035),like,27275416,2017-05-07T00:01:11.458Z,facebook,amazon
ObjectId(590e63c987df545e74444037),like,12345624,2017-05-07T00:01:13.435Z,facebook,lego
ObjectId(590e63cb87df545e74444039),like,54637466,2017-05-07T00:01:15.020Z,facebook,barackobama
ObjectId(590e63cc87df545e7444403b),like,44110679,2017-05-07T00:01:16.528Z,facebook,instagram
ObjectId(590e63ce87df545e7444403d),like,5574071,2017-05-07T00:01:18.218Z,facebook,wikipedia
ObjectId(590e662887df545e7444403f),like,104248094,2017-05-07T00:11:20.108Z,facebook,cocacola
ObjectId(590e662987df545e74444041),like,187302029,2017-05-07T00:11:21.596Z,facebook,facebook
ObjectId(590e662b87df545e74444043),like,82324350,2017-05-07T00:11:23.022Z,facebook,youtube
ObjectId(590e662c87df545e74444045),like,36490150,2017-05-07T00:11:24.575Z,facebook,pepsi
ObjectId(590e662f87df545e74444047),like,33183914,2017-05-07T00:11:27.174Z,facebook,walmart
ObjectId(590e663187df545e74444049),like,27275417,2017-05-07T00:11:29.280Z,facebook,amazon
ObjectId(590e663387df545e7444404b),like,12345628,2017-05-07T00:11:31.241Z,facebook,lego
ObjectId(590e663487df545e7444404d),like,54637486,2017-05-07T00:11:32.737Z,facebook,barackobama
ObjectId(590e663687df545e7444404f),like,44110795,2017-05-07T00:11:34.343Z,facebook,instagram
ObjectId(590e663787df545e74444051),like,5574082,2017-05-07T00:11:35.843Z,facebook,wikipedia
ObjectId(590e689187df545e74444053),like,104248100,2017-05-07T00:21:37.520Z,facebook,cocacola
ObjectId(590e689287df545e74444055),like,187302218,2017-05-07T00:21:38.700Z,facebook,facebook
ObjectId(590e689487df545e74444057),like,82324369,2017-05-07T00:21:40.229Z,facebook,youtube
ObjectId(590e689587df545e74444059),like,36490166,2017-05-07T00:21:41.779Z,facebook,pepsi
ObjectId(590e689887df545e7444405b),like,33183915,2017-05-07T00:21:44.489Z,facebook,walmart
ObjectId(590e689a87df545e7444405d),like,27275431,2017-05-07T00:21:46.281Z,facebook,amazon
ObjectId(590e689c87df545e7444405f),like,12345634,2017-05-07T00:21:48.450Z,facebook,lego
ObjectId(590e689e87df545e74444061),like,54637501,2017-05-07T00:21:50.144Z,facebook,barackobama
ObjectId(590e689f87df545e74444063),like,44110954,2017-05-07T00:21:51.756Z,facebook,instagram
ObjectId(590e68a187df545e74444065),like,5574075,2017-05-07T00:21:53.220Z,facebook,wikipedia
ObjectId(590e6afa87df545e74444067),like,104248128,2017-05-07T00:31:54.972Z,facebook,cocacola
ObjectId(590e6afc87df545e74444069),like,187302355,2017-05-07T00:31:56.203Z,facebook,facebook
ObjectId(590e6afd87df545e7444406b),like,82324398,2017-05-07T00:31:57.541Z,facebook,youtube
ObjectId(590e6afe87df545e7444406d),like,36490178,2017-05-07T00:31:58.982Z,facebook,pepsi
ObjectId(590e6b0187df545e7444406f),like,33183916,2017-05-07T00:32:01.594Z,facebook,walmart
ObjectId(590e6b0387df545e74444071),like,27275436,2017-05-07T00:32:03.816Z,facebook,amazon
ObjectId(590e6b0587df545e74444073),like,12345643,2017-05-07T00:32:05.860Z,facebook,lego
ObjectId(590e6b0787df545e74444075),like,54637521,2017-05-07T00:32:07.345Z,facebook,barackobama
ObjectId(590e6b0887df545e74444077),like,44111083,2017-05-07T00:32:08.972Z,facebook,instagram
ObjectId(590e6b0a87df545e74444079),like,5574077,2017-05-07T00:32:10.445Z,facebook,wikipedia
ObjectId(590e6d6487df545e7444407b),like,104248160,2017-05-07T00:42:12.246Z,facebook,cocacola
ObjectId(590e6d6587df545e7444407d),like,187302575,2017-05-07T00:42:13.455Z,facebook,facebook
ObjectId(590e6d6687df545e7444407f),like,82324432,2017-05-07T00:42:14.946Z,facebook,youtube
ObjectId(590e6d6887df545e74444081),like,36490194,2017-05-07T00:42:16.397Z,facebook,pepsi
ObjectId(590e6d6b87df545e74444083),like,33183907,2017-05-07T00:42:19.214Z,facebook,walmart
ObjectId(590e6d6d87df545e74444085),like,27275432,2017-05-07T00:42:21.309Z,facebook,amazon
ObjectId(590e6d6f87df545e74444087),like,12345648,2017-05-07T00:42:23.374Z,facebook,lego
ObjectId(590e6d7187df545e74444089),like,54637545,2017-05-07T00:42:25.280Z,facebook,barackobama
ObjectId(590e6d7287df545e7444408b),like,44111212,2017-05-07T00:42:26.681Z,facebook,instagram
ObjectId(590e6d7487df545e7444408d),like,5574077,2017-05-07T00:42:28.250Z,facebook,wikipedia
ObjectId(590e6fce87df545e7444408f),like,104248172,2017-05-07T00:52:30.583Z,facebook,cocacola
ObjectId(590e6fd187df545e74444091),like,187302776,2017-05-07T00:52:33.181Z,facebook,facebook
ObjectId(590e6fd387df545e74444093),like,82324478,2017-05-07T00:52:35.473Z,facebook,youtube
ObjectId(590e6fd587df545e74444095),like,36490201,2017-05-07T00:52:37.286Z,facebook,pepsi
ObjectId(590e6fd887df545e74444097),like,33183907,2017-05-07T00:52:40.825Z,facebook,walmart
ObjectId(590e6fdd87df545e74444099),like,27275433,2017-05-07T00:52:45.902Z,facebook,amazon
ObjectId(590e6fdf87df545e7444409b),like,12345653,2017-05-07T00:52:47.962Z,facebook,lego
ObjectId(590e6fe287df545e7444409d),like,54637581,2017-05-07T00:52:50.262Z,facebook,barackobama
ObjectId(590e6fe487df545e7444409f),like,44111375,2017-05-07T00:52:52.401Z,facebook,instagram
ObjectId(590e6fe687df545e744440a1),like,5574078,2017-05-07T00:52:54.064Z,facebook,wikipedia
ObjectId(590e723f87df545e744440a3),like,104248212,2017-05-07T01:02:55.982Z,facebook,cocacola
ObjectId(590e724187df545e744440a5),like,187302913,2017-05-07T01:02:57.452Z,facebook,facebook
ObjectId(590e724387df545e744440a7),like,82324530,2017-05-07T01:02:59.021Z,facebook,youtube
ObjectId(590e724587df545e744440a9),like,36490211,2017-05-07T01:03:01.461Z,facebook,pepsi
ObjectId(590e724987df545e744440ab),like,33183903,2017-05-07T01:03:05.190Z,facebook,walmart
ObjectId(590e724b87df545e744440ad),like,27275440,2017-05-07T01:03:07.501Z,facebook,amazon
ObjectId(590e724f87df545e744440af),like,12345658,2017-05-07T01:03:10.998Z,facebook,lego
ObjectId(590e725087df545e744440b1),like,54637607,2017-05-07T01:03:12.695Z,facebook,barackobama
ObjectId(590e725287df545e744440b3),like,44111506,2017-05-07T01:03:14.519Z,facebook,instagram
ObjectId(590e725487df545e744440b5),like,5574084,2017-05-07T01:03:16.687Z,facebook,wikipedia
ObjectId(590e74ae87df545e744440b7),like,104248244,2017-05-07T01:13:18.614Z,facebook,cocacola
ObjectId(590e74af87df545e744440b9),like,187303126,2017-05-07T01:13:19.788Z,facebook,facebook
ObjectId(590e74b187df545e744440bb),like,82324607,2017-05-07T01:13:21.246Z,facebook,youtube
ObjectId(590e74b287df545e744440bd),like,36490207,2017-05-07T01:13:22.658Z,facebook,pepsi
ObjectId(590e74b587df545e744440bf),like,33183900,2017-05-07T01:13:25.265Z,facebook,walmart
ObjectId(590e74b787df545e744440c1),like,27275446,2017-05-07T01:13:27.186Z,facebook,amazon
ObjectId(590e74b987df545e744440c3),like,12345661,2017-05-07T01:13:29.231Z,facebook,lego
ObjectId(590e74ba87df545e744440c5),like,54637644,2017-05-07T01:13:30.789Z,facebook,barackobama
ObjectId(590e74bc87df545e744440c7),like,44111670,2017-05-07T01:13:32.135Z,facebook,instagram
ObjectId(590e74be87df545e744440c9),like,5574087,2017-05-07T01:13:33.999Z,facebook,wikipedia
ObjectId(590e771787df545e744440cb),like,104248269,2017-05-07T01:23:35.822Z,facebook,cocacola
ObjectId(590e771887df545e744440cd),like,187303306,2017-05-07T01:23:36.988Z,facebook,facebook
ObjectId(590e771a87df545e744440cf),like,82324662,2017-05-07T01:23:38.417Z,facebook,youtube
ObjectId(590e771b87df545e744440d1),like,36490204,2017-05-07T01:23:39.971Z,facebook,pepsi
ObjectId(590e771e87df545e744440d3),like,33183893,2017-05-07T01:23:42.583Z,facebook,walmart
ObjectId(590e772087df545e744440d5),like,27275452,2017-05-07T01:23:44.483Z,facebook,amazon
ObjectId(590e772287df545e744440d7),like,12345671,2017-05-07T01:23:46.547Z,facebook,lego
ObjectId(590e772487df545e744440d9),like,54637676,2017-05-07T01:23:48.245Z,facebook,barackobama
ObjectId(590e772587df545e744440db),like,44111816,2017-05-07T01:23:49.854Z,facebook,instagram
ObjectId(590e772787df545e744440dd),like,5574092,2017-05-07T01:23:51.412Z,facebook,wikipedia
ObjectId(590e798187df545e744440df),like,104248348,2017-05-07T01:33:53.067Z,facebook,cocacola
ObjectId(590e798287df545e744440e1),like,187303503,2017-05-07T01:33:54.158Z,facebook,facebook
ObjectId(590e798387df545e744440e3),like,82324733,2017-05-07T01:33:55.519Z,facebook,youtube
ObjectId(590e798587df545e744440e5),like,36490216,2017-05-07T01:33:57.006Z,facebook,pepsi
ObjectId(590e798787df545e744440e7),like,33183898,2017-05-07T01:33:59.675Z,facebook,walmart
ObjectId(590e798987df545e744440e9),like,27275454,2017-05-07T01:34:01.474Z,facebook,amazon
ObjectId(590e798b87df545e744440eb),like,12345674,2017-05-07T01:34:03.441Z,facebook,lego
ObjectId(590e798d87df545e744440ed),like,54637696,2017-05-07T01:34:05.013Z,facebook,barackobama
ObjectId(590e798e87df545e744440ef),like,44111961,2017-05-07T01:34:06.546Z,facebook,instagram
ObjectId(590e799087df545e744440f1),like,5574101,2017-05-07T01:34:08.018Z,facebook,wikipedia
ObjectId(590e7be987df545e744440f3),like,104248413,2017-05-07T01:44:09.823Z,facebook,cocacola
ObjectId(590e7beb87df545e744440f5),like,187303721,2017-05-07T01:44:11.098Z,facebook,facebook
ObjectId(590e7bec87df545e744440f7),like,82324777,2017-05-07T01:44:12.631Z,facebook,youtube
ObjectId(590e7bee87df545e744440f9),like,36490230,2017-05-07T01:44:14.130Z,facebook,pepsi
ObjectId(590e7bf087df545e744440fb),like,33183893,2017-05-07T01:44:16.788Z,facebook,walmart
ObjectId(590e7bf287df545e744440fd),like,27275451,2017-05-07T01:44:18.683Z,facebook,amazon
ObjectId(590e7bf487df545e744440ff),like,12345685,2017-05-07T01:44:20.654Z,facebook,lego
ObjectId(590e7bf687df545e74444101),like,54637728,2017-05-07T01:44:22.237Z,facebook,barackobama
ObjectId(590e7bf787df545e74444103),like,44112096,2017-05-07T01:44:23.645Z,facebook,instagram
ObjectId(590e7bf987df545e74444105),like,5574101,2017-05-07T01:44:25.112Z,facebook,wikipedia
ObjectId(590e7e5287df545e74444107),like,104248463,2017-05-07T01:54:26.923Z,facebook,cocacola
ObjectId(590e7e5487df545e74444109),like,187303893,2017-05-07T01:54:28.610Z,facebook,facebook
ObjectId(590e7e5687df545e7444410b),like,82324838,2017-05-07T01:54:30.144Z,facebook,youtube
ObjectId(590e7e5787df545e7444410d),like,36490240,2017-05-07T01:54:31.631Z,facebook,pepsi
ObjectId(590e7e5a87df545e7444410f),like,33183894,2017-05-07T01:54:34.397Z,facebook,walmart
ObjectId(590e7e5c87df545e74444111),like,27275461,2017-05-07T01:54:36.583Z,facebook,amazon
ObjectId(590e7e5e87df545e74444113),like,12345691,2017-05-07T01:54:38.575Z,facebook,lego
ObjectId(590e7e6087df545e74444115),like,54637730,2017-05-07T01:54:40.262Z,facebook,barackobama
ObjectId(590e7e6187df545e74444117),like,44112243,2017-05-07T01:54:41.769Z,facebook,instagram
ObjectId(590e7e6387df545e74444119),like,5574098,2017-05-07T01:54:43.330Z,facebook,wikipedia
ObjectId(590e80bd87df545e7444411b),like,104248486,2017-05-07T02:04:45.048Z,facebook,cocacola
ObjectId(590e80be87df545e7444411d),like,187304082,2017-05-07T02:04:46.217Z,facebook,facebook
ObjectId(590e80bf87df545e7444411f),like,82324912,2017-05-07T02:04:47.760Z,facebook,youtube
ObjectId(590e80c187df545e74444121),like,36490252,2017-05-07T02:04:49.206Z,facebook,pepsi
ObjectId(590e80c387df545e74444123),like,33183893,2017-05-07T02:04:51.949Z,facebook,walmart
ObjectId(590e80c687df545e74444125),like,27275462,2017-05-07T02:04:54.019Z,facebook,amazon
ObjectId(590e80c887df545e74444127),like,12345697,2017-05-07T02:04:56.080Z,facebook,lego
ObjectId(590e80c987df545e74444129),like,54637777,2017-05-07T02:04:57.558Z,facebook,barackobama
ObjectId(590e80cb87df545e7444412b),like,44112373,2017-05-07T02:04:59.083Z,facebook,instagram
ObjectId(590e80cc87df545e7444412d),like,5574107,2017-05-07T02:05:00.569Z,facebook,wikipedia
ObjectId(590e832687df545e7444412f),like,104248523,2017-05-07T02:15:02.356Z,facebook,cocacola
ObjectId(590e832787df545e74444131),like,187304269,2017-05-07T02:15:03.628Z,facebook,facebook
ObjectId(590e832887df545e74444133),like,82324971,2017-05-07T02:15:04.967Z,facebook,youtube
ObjectId(590e832a87df545e74444135),like,36490265,2017-05-07T02:15:06.404Z,facebook,pepsi
ObjectId(590e832d87df545e74444137),like,33183897,2017-05-07T02:15:09.255Z,facebook,walmart
ObjectId(590e832f87df545e74444139),like,27275476,2017-05-07T02:15:11.233Z,facebook,amazon
ObjectId(590e833187df545e7444413b),like,12345705,2017-05-07T02:15:13.292Z,facebook,lego
ObjectId(590e833287df545e7444413d),like,54637804,2017-05-07T02:15:14.878Z,facebook,barackobama
ObjectId(590e833487df545e7444413f),like,44112515,2017-05-07T02:15:16.387Z,facebook,instagram
ObjectId(590e833587df545e74444141),like,5574116,2017-05-07T02:15:17.851Z,facebook,wikipedia
ObjectId(590e858f87df545e74444143),like,104248566,2017-05-07T02:25:19.669Z,facebook,cocacola
ObjectId(590e859087df545e74444145),like,187304485,2017-05-07T02:25:20.840Z,facebook,facebook
ObjectId(590e859287df545e74444147),like,82325019,2017-05-07T02:25:22.271Z,facebook,youtube
ObjectId(590e859387df545e74444149),like,36490293,2017-05-07T02:25:23.834Z,facebook,pepsi
ObjectId(590e859687df545e7444414b),like,33183898,2017-05-07T02:25:26.460Z,facebook,walmart
ObjectId(590e859887df545e7444414d),like,27275482,2017-05-07T02:25:28.433Z,facebook,amazon
ObjectId(590e859a87df545e7444414f),like,12345707,2017-05-07T02:25:30.384Z,facebook,lego
ObjectId(590e859b87df545e74444151),like,54637825,2017-05-07T02:25:31.975Z,facebook,barackobama
ObjectId(590e859d87df545e74444153),like,44112659,2017-05-07T02:25:33.387Z,facebook,instagram
ObjectId(590e859e87df545e74444155),like,5574121,2017-05-07T02:25:34.852Z,facebook,wikipedia
ObjectId(590e87f887df545e74444157),like,104248595,2017-05-07T02:35:36.663Z,facebook,cocacola
ObjectId(590e87f987df545e74444159),like,187304696,2017-05-07T02:35:37.842Z,facebook,facebook
ObjectId(590e87fb87df545e7444415b),like,82325068,2017-05-07T02:35:39.374Z,facebook,youtube
ObjectId(590e87fc87df545e7444415d),like,36490308,2017-05-07T02:35:40.723Z,facebook,pepsi
ObjectId(590e87ff87df545e7444415f),like,33183895,2017-05-07T02:35:43.421Z,facebook,walmart
ObjectId(590e880187df545e74444161),like,27275491,2017-05-07T02:35:45.540Z,facebook,amazon
ObjectId(590e880387df545e74444163),like,12345718,2017-05-07T02:35:47.400Z,facebook,lego
ObjectId(590e880487df545e74444165),like,54637824,2017-05-07T02:35:48.854Z,facebook,barackobama
ObjectId(590e880687df545e74444167),like,44112799,2017-05-07T02:35:50.399Z,facebook,instagram
ObjectId(590e880787df545e74444169),like,5574123,2017-05-07T02:35:51.850Z,facebook,wikipedia
ObjectId(590e8a6187df545e7444416b),like,104248639,2017-05-07T02:45:53.567Z,facebook,cocacola
ObjectId(590e8a6287df545e7444416d),like,187304920,2017-05-07T02:45:54.752Z,facebook,facebook
ObjectId(590e8a6487df545e7444416f),like,82325105,2017-05-07T02:45:56.368Z,facebook,youtube
ObjectId(590e8a6587df545e74444171),like,36490323,2017-05-07T02:45:57.815Z,facebook,pepsi
ObjectId(590e8a6887df545e74444173),like,33183887,2017-05-07T02:46:00.429Z,facebook,walmart
ObjectId(590e8a6a87df545e74444175),like,27275487,2017-05-07T02:46:02.354Z,facebook,amazon
ObjectId(590e8a6c87df545e74444177),like,12345721,2017-05-07T02:46:04.286Z,facebook,lego
ObjectId(590e8a6d87df545e74444179),like,54637831,2017-05-07T02:46:05.882Z,facebook,barackobama
ObjectId(590e8a6f87df545e7444417b),like,44112935,2017-05-07T02:46:07.285Z,facebook,instagram
ObjectId(590e8a7087df545e7444417d),like,5574125,2017-05-07T02:46:08.752Z,facebook,wikipedia
ObjectId(590e8cca87df545e7444417f),like,104248697,2017-05-07T02:56:10.563Z,facebook,cocacola
ObjectId(590e8ccb87df545e74444181),like,187305081,2017-05-07T02:56:11.838Z,facebook,facebook
ObjectId(590e8ccd87df545e74444183),like,82325148,2017-05-07T02:56:13.380Z,facebook,youtube
ObjectId(590e8cce87df545e74444185),like,36490334,2017-05-07T02:56:14.824Z,facebook,pepsi
ObjectId(590e8cd187df545e74444187),like,33183896,2017-05-07T02:56:17.536Z,facebook,walmart
ObjectId(590e8cd387df545e74444189),like,27275498,2017-05-07T02:56:19.565Z,facebook,amazon
ObjectId(590e8cd587df545e7444418b),like,12345737,2017-05-07T02:56:21.495Z,facebook,lego
ObjectId(590e8cd787df545e7444418d),like,54637830,2017-05-07T02:56:23.084Z,facebook,barackobama
ObjectId(590e8cd887df545e7444418f),like,44113056,2017-05-07T02:56:24.592Z,facebook,instagram
ObjectId(590e8cda87df545e74444191),like,5574120,2017-05-07T02:56:26.163Z,facebook,wikipedia
ObjectId(590e8f3487df545e74444193),like,104248755,2017-05-07T03:06:28.074Z,facebook,cocacola
ObjectId(590e8f3587df545e74444195),like,187305283,2017-05-07T03:06:29.348Z,facebook,facebook
ObjectId(590e8f3687df545e74444197),like,82325174,2017-05-07T03:06:30.782Z,facebook,youtube
ObjectId(590e8f3887df545e74444199),like,36490344,2017-05-07T03:06:32.229Z,facebook,pepsi
ObjectId(590e8f3b87df545e7444419b),like,33183892,2017-05-07T03:06:35.142Z,facebook,walmart
ObjectId(590e8f3d87df545e7444419d),like,27275501,2017-05-07T03:06:37.358Z,facebook,amazon
ObjectId(590e8f3f87df545e7444419f),like,12345738,2017-05-07T03:06:39.345Z,facebook,lego
ObjectId(590e8f4187df545e744441a1),like,54637831,2017-05-07T03:06:41.003Z,facebook,barackobama
ObjectId(590e8f4287df545e744441a3),like,44113208,2017-05-07T03:06:42.624Z,facebook,instagram
ObjectId(590e8f4487df545e744441a5),like,5574118,2017-05-07T03:06:44.078Z,facebook,wikipedia
ObjectId(590e919d87df545e744441a7),like,104248852,2017-05-07T03:16:45.892Z,facebook,cocacola
ObjectId(590e919f87df545e744441a9),like,187305465,2017-05-07T03:16:47.179Z,facebook,facebook
ObjectId(590e91a387df545e744441ab),like,82325196,2017-05-07T03:16:51.370Z,facebook,youtube
ObjectId(590e91a487df545e744441ad),like,36490341,2017-05-07T03:16:52.821Z,facebook,pepsi
ObjectId(590e91a887df545e744441af),like,33183887,2017-05-07T03:16:56.549Z,facebook,walmart
ObjectId(590e91aa87df545e744441b1),like,27275514,2017-05-07T03:16:58.649Z,facebook,amazon
ObjectId(590e91ac87df545e744441b3),like,12345750,2017-05-07T03:17:00.653Z,facebook,lego
ObjectId(590e91ae87df545e744441b5),like,54637862,2017-05-07T03:17:02.407Z,facebook,barackobama
ObjectId(590e91b187df545e744441b7),like,44113353,2017-05-07T03:17:05.451Z,facebook,instagram
ObjectId(590e91b287df545e744441b9),like,5574123,2017-05-07T03:17:06.916Z,facebook,wikipedia
ObjectId(590e941087df545e744441bb),like,104248913,2017-05-07T03:27:12.625Z,facebook,cocacola
ObjectId(590e941287df545e744441bd),like,187305691,2017-05-07T03:27:14.927Z,facebook,facebook
ObjectId(590e941687df545e744441bf),like,82325248,2017-05-07T03:27:18.706Z,facebook,youtube
ObjectId(590e941887df545e744441c1),like,36490356,2017-05-07T03:27:20.673Z,facebook,pepsi
ObjectId(590e941b87df545e744441c3),like,33183880,2017-05-07T03:27:23.688Z,facebook,walmart
ObjectId(590e941e87df545e744441c5),like,27275519,2017-05-07T03:27:26.104Z,facebook,amazon
ObjectId(590e942087df545e744441c7),like,12345757,2017-05-07T03:27:28.192Z,facebook,lego
ObjectId(590e942287df545e744441c9),like,54637872,2017-05-07T03:27:30.378Z,facebook,barackobama
ObjectId(590e942487df545e744441cb),like,44113500,2017-05-07T03:27:32.292Z,facebook,instagram
ObjectId(590e942687df545e744441cd),like,5574120,2017-05-07T03:27:34.467Z,facebook,wikipedia
ObjectId(590e968087df545e744441cf),like,104248998,2017-05-07T03:37:36.597Z,facebook,cocacola
ObjectId(590e968287df545e744441d1),like,187305923,2017-05-07T03:37:38.283Z,facebook,facebook
ObjectId(590e968487df545e744441d3),like,82325295,2017-05-07T03:37:40.097Z,facebook,youtube
ObjectId(590e968587df545e744441d5),like,36490369,2017-05-07T03:37:41.982Z,facebook,pepsi
ObjectId(590e968887df545e744441d7),like,33183877,2017-05-07T03:37:44.988Z,facebook,walmart
ObjectId(590e968a87df545e744441d9),like,27275527,2017-05-07T03:37:46.986Z,facebook,amazon
ObjectId(590e968e87df545e744441db),like,12345762,2017-05-07T03:37:50.016Z,facebook,lego
ObjectId(590e968f87df545e744441dd),like,54637901,2017-05-07T03:37:51.667Z,facebook,barackobama
ObjectId(590e969187df545e744441df),like,44113650,2017-05-07T03:37:53.182Z,facebook,instagram
ObjectId(590e969387df545e744441e1),like,5574121,2017-05-07T03:37:55.361Z,facebook,wikipedia
ObjectId(590e98ed87df545e744441e3),like,104249072,2017-05-07T03:47:57.180Z,facebook,cocacola
ObjectId(590e98ee87df545e744441e5),like,187306147,2017-05-07T03:47:58.547Z,facebook,facebook
ObjectId(590e98f087df545e744441e7),like,82325325,2017-05-07T03:48:00.084Z,facebook,youtube
ObjectId(590e98f187df545e744441e9),like,36490399,2017-05-07T03:48:01.937Z,facebook,pepsi
ObjectId(590e98f487df545e744441eb),like,33183876,2017-05-07T03:48:04.553Z,facebook,walmart
ObjectId(590e98f687df545e744441ed),like,27275543,2017-05-07T03:48:06.555Z,facebook,amazon
ObjectId(590e98f887df545e744441ef),like,12345777,2017-05-07T03:48:08.623Z,facebook,lego
ObjectId(590e98fa87df545e744441f1),like,54637916,2017-05-07T03:48:10.456Z,facebook,barackobama
ObjectId(590e98fc87df545e744441f3),like,44113794,2017-05-07T03:48:12.189Z,facebook,instagram
ObjectId(590e98fe87df545e744441f5),like,5574126,2017-05-07T03:48:14.481Z,facebook,wikipedia
ObjectId(590e9b5887df545e744441f7),like,104249143,2017-05-07T03:58:16.219Z,facebook,cocacola
ObjectId(590e9b5987df545e744441f9),like,187306381,2017-05-07T03:58:17.501Z,facebook,facebook
ObjectId(590e9b5c87df545e744441fb),like,82325388,2017-05-07T03:58:20.366Z,facebook,youtube
ObjectId(590e9b5e87df545e744441fd),like,36490413,2017-05-07T03:58:22.704Z,facebook,pepsi
ObjectId(590e9b6187df545e744441ff),like,33183869,2017-05-07T03:58:25.638Z,facebook,walmart
ObjectId(590e9b6387df545e74444201),like,27275549,2017-05-07T03:58:27.764Z,facebook,amazon
ObjectId(590e9b6687df545e74444203),like,12345784,2017-05-07T03:58:30.128Z,facebook,lego
ObjectId(590e9b6787df545e74444205),like,54637919,2017-05-07T03:58:31.739Z,facebook,barackobama
ObjectId(590e9b6987df545e74444207),like,44113956,2017-05-07T03:58:33.426Z,facebook,instagram
ObjectId(590e9b6a87df545e74444209),like,5574128,2017-05-07T03:58:34.990Z,facebook,wikipedia
ObjectId(590e9dc587df545e7444420b),like,104249233,2017-05-07T04:08:37.018Z,facebook,cocacola
ObjectId(590e9dc687df545e7444420d),like,187306570,2017-05-07T04:08:38.291Z,facebook,facebook
ObjectId(590e9dc787df545e7444420f),like,82325429,2017-05-07T04:08:39.827Z,facebook,youtube
ObjectId(590e9dc987df545e74444211),like,36490438,2017-05-07T04:08:41.504Z,facebook,pepsi
ObjectId(590e9dcc87df545e74444213),like,33183866,2017-05-07T04:08:44.273Z,facebook,walmart
ObjectId(590e9dce87df545e74444215),like,27275567,2017-05-07T04:08:46.391Z,facebook,amazon
ObjectId(590e9dd087df545e74444217),like,12345799,2017-05-07T04:08:48.553Z,facebook,lego
ObjectId(590e9dd287df545e74444219),like,54637930,2017-05-07T04:08:50.181Z,facebook,barackobama
ObjectId(590e9dd387df545e7444421b),like,44114086,2017-05-07T04:08:51.861Z,facebook,instagram
ObjectId(590e9dd587df545e7444421d),like,5574130,2017-05-07T04:08:53.427Z,facebook,wikipedia
ObjectId(590ea02f87df545e7444421f),like,104249290,2017-05-07T04:18:55.240Z,facebook,cocacola
ObjectId(590ea03087df545e74444221),like,187306776,2017-05-07T04:18:56.535Z,facebook,facebook
ObjectId(590ea03287df545e74444223),like,82325476,2017-05-07T04:18:58.044Z,facebook,youtube
ObjectId(590ea03387df545e74444225),like,36490476,2017-05-07T04:18:59.490Z,facebook,pepsi
ObjectId(590ea03787df545e74444227),like,33183862,2017-05-07T04:19:03.334Z,facebook,walmart
ObjectId(590ea03987df545e74444229),like,27275574,2017-05-07T04:19:05.328Z,facebook,amazon
ObjectId(590ea03b87df545e7444422b),like,12345800,2017-05-07T04:19:07.190Z,facebook,lego
ObjectId(590ea03d87df545e7444422d),like,54637927,2017-05-07T04:19:08.999Z,facebook,barackobama
ObjectId(590ea03e87df545e7444422f),like,44114245,2017-05-07T04:19:10.325Z,facebook,instagram
ObjectId(590ea04087df545e74444231),like,5574129,2017-05-07T04:19:12.159Z,facebook,wikipedia
ObjectId(590ea29a87df545e74444233),like,104249378,2017-05-07T04:29:14.088Z,facebook,cocacola
ObjectId(590ea29b87df545e74444235),like,187306967,2017-05-07T04:29:15.351Z,facebook,facebook
ObjectId(590ea29c87df545e74444237),like,82325491,2017-05-07T04:29:16.784Z,facebook,youtube
ObjectId(590ea29e87df545e74444239),like,36490498,2017-05-07T04:29:18.228Z,facebook,pepsi
ObjectId(590ea2a087df545e7444423b),like,33183867,2017-05-07T04:29:20.946Z,facebook,walmart
ObjectId(590ea2a287df545e7444423d),like,27275581,2017-05-07T04:29:22.948Z,facebook,amazon
ObjectId(590ea2a587df545e7444423f),like,12345816,2017-05-07T04:29:25.323Z,facebook,lego
ObjectId(590ea2a787df545e74444241),like,54637923,2017-05-07T04:29:27.019Z,facebook,barackobama
ObjectId(590ea2a887df545e74444243),like,44114376,2017-05-07T04:29:28.557Z,facebook,instagram
ObjectId(590ea2aa87df545e74444245),like,5574129,2017-05-07T04:29:30.090Z,facebook,wikipedia
ObjectId(590ea50487df545e74444247),like,104249453,2017-05-07T04:39:32.127Z,facebook,cocacola
ObjectId(590ea50587df545e74444249),like,187307162,2017-05-07T04:39:33.516Z,facebook,facebook
ObjectId(590ea50787df545e7444424b),like,82325538,2017-05-07T04:39:35.161Z,facebook,youtube
ObjectId(590ea50887df545e7444424d),like,36490512,2017-05-07T04:39:36.704Z,facebook,pepsi
ObjectId(590ea50b87df545e7444424f),like,33183875,2017-05-07T04:39:39.519Z,facebook,walmart
ObjectId(590ea50d87df545e74444251),like,27275593,2017-05-07T04:39:41.616Z,facebook,amazon
ObjectId(590ea50f87df545e74444253),like,12345814,2017-05-07T04:39:43.722Z,facebook,lego
ObjectId(590ea51187df545e74444255),like,54637937,2017-05-07T04:39:45.377Z,facebook,barackobama
ObjectId(590ea51287df545e74444257),like,44114505,2017-05-07T04:39:46.992Z,facebook,instagram
ObjectId(590ea51487df545e74444259),like,5574125,2017-05-07T04:39:48.792Z,facebook,wikipedia
ObjectId(590ea76e87df545e7444425b),like,104249549,2017-05-07T04:49:50.644Z,facebook,cocacola
ObjectId(590ea76f87df545e7444425d),like,187307365,2017-05-07T04:49:51.911Z,facebook,facebook
ObjectId(590ea77187df545e7444425f),like,82325565,2017-05-07T04:49:53.549Z,facebook,youtube
ObjectId(590ea77387df545e74444261),like,36490537,2017-05-07T04:49:55.097Z,facebook,pepsi
ObjectId(590ea77587df545e74444263),like,33183877,2017-05-07T04:49:57.809Z,facebook,walmart
ObjectId(590ea77787df545e74444265),like,27275608,2017-05-07T04:49:59.909Z,facebook,amazon
ObjectId(590ea77987df545e74444267),like,12345825,2017-05-07T04:50:01.780Z,facebook,lego
ObjectId(590ea77b87df545e74444269),like,54637971,2017-05-07T04:50:03.476Z,facebook,barackobama
ObjectId(590ea77f87df545e7444426b),like,44114628,2017-05-07T04:50:07.237Z,facebook,instagram
ObjectId(590ea78087df545e7444426d),like,5574123,2017-05-07T04:50:08.833Z,facebook,wikipedia
ObjectId(590ea9da87df545e7444426f),like,104249607,2017-05-07T05:00:10.919Z,facebook,cocacola
ObjectId(590ea9dc87df545e74444271),like,187307570,2017-05-07T05:00:12.195Z,facebook,facebook
ObjectId(590ea9dd87df545e74444273),like,82325631,2017-05-07T05:00:13.719Z,facebook,youtube
ObjectId(590ea9df87df545e74444275),like,36490558,2017-05-07T05:00:15.146Z,facebook,pepsi
ObjectId(590ea9e187df545e74444277),like,33183881,2017-05-07T05:00:17.985Z,facebook,walmart
ObjectId(590ea9e387df545e74444279),like,27275626,2017-05-07T05:00:19.988Z,facebook,amazon
ObjectId(590ea9e687df545e7444427b),like,12345834,2017-05-07T05:00:22.259Z,facebook,lego
ObjectId(590ea9e787df545e7444427d),like,54637991,2017-05-07T05:00:23.944Z,facebook,barackobama
ObjectId(590ea9e987df545e7444427f),like,44114777,2017-05-07T05:00:25.252Z,facebook,instagram
ObjectId(590ea9ea87df545e74444281),like,5574121,2017-05-07T05:00:26.855Z,facebook,wikipedia
ObjectId(590eac4487df545e74444283),like,104249680,2017-05-07T05:10:28.838Z,facebook,cocacola
ObjectId(590eac4687df545e74444285),like,187307741,2017-05-07T05:10:30.112Z,facebook,facebook
ObjectId(590eac4787df545e74444287),like,82325702,2017-05-07T05:10:31.638Z,facebook,youtube
ObjectId(590eac4987df545e74444289),like,36490595,2017-05-07T05:10:33.199Z,facebook,pepsi
ObjectId(590eac4c87df545e7444428b),like,33183892,2017-05-07T05:10:36.010Z,facebook,walmart
ObjectId(590eac4e87df545e7444428d),like,27275633,2017-05-07T05:10:38.010Z,facebook,amazon
ObjectId(590eac5087df545e7444428f),like,12345852,2017-05-07T05:10:40.071Z,facebook,lego
ObjectId(590eac5187df545e74444291),like,54638015,2017-05-07T05:10:41.770Z,facebook,barackobama
ObjectId(590eac5387df545e74444293),like,44114933,2017-05-07T05:10:43.591Z,facebook,instagram
ObjectId(590eac5587df545e74444295),like,5574126,2017-05-07T05:10:45.144Z,facebook,wikipedia
ObjectId(590eaeaf87df545e74444297),like,104249766,2017-05-07T05:20:47.110Z,facebook,cocacola
ObjectId(590eaeb187df545e74444299),like,187307918,2017-05-07T05:20:49.766Z,facebook,facebook
ObjectId(590eaeb387df545e7444429b),like,82325747,2017-05-07T05:20:51.524Z,facebook,youtube
ObjectId(590eaeb587df545e7444429d),like,36490606,2017-05-07T05:20:53.065Z,facebook,pepsi
ObjectId(590eaeb887df545e7444429f),like,33183893,2017-05-07T05:20:56.078Z,facebook,walmart
ObjectId(590eaeba87df545e744442a1),like,27275649,2017-05-07T05:20:58.182Z,facebook,amazon
ObjectId(590eaebc87df545e744442a3),like,12345857,2017-05-07T05:21:00.348Z,facebook,lego
ObjectId(590eaebe87df545e744442a5),like,54638047,2017-05-07T05:21:02.046Z,facebook,barackobama
ObjectId(590eaebf87df545e744442a7),like,44115079,2017-05-07T05:21:03.560Z,facebook,instagram
ObjectId(590eaec187df545e744442a9),like,5574120,2017-05-07T05:21:05.316Z,facebook,wikipedia
ObjectId(590eb11b87df545e744442ab),like,104249859,2017-05-07T05:31:07.141Z,facebook,cocacola
ObjectId(590eb11c87df545e744442ad),like,187308119,2017-05-07T05:31:08.541Z,facebook,facebook
ObjectId(590eb11d87df545e744442af),like,82325801,2017-05-07T05:31:09.953Z,facebook,youtube
ObjectId(590eb11f87df545e744442b1),like,36490635,2017-05-07T05:31:11.599Z,facebook,pepsi
ObjectId(590eb12287df545e744442b3),like,33183892,2017-05-07T05:31:14.715Z,facebook,walmart
ObjectId(590eb12487df545e744442b5),like,27275663,2017-05-07T05:31:16.877Z,facebook,amazon
ObjectId(590eb12787df545e744442b7),like,12345858,2017-05-07T05:31:19.092Z,facebook,lego
ObjectId(590eb12887df545e744442b9),like,54638083,2017-05-07T05:31:20.948Z,facebook,barackobama
ObjectId(590eb12a87df545e744442bb),like,44115230,2017-05-07T05:31:22.601Z,facebook,instagram
ObjectId(590eb12c87df545e744442bd),like,5574114,2017-05-07T05:31:24.572Z,facebook,wikipedia
ObjectId(590eb38687df545e744442bf),like,104249951,2017-05-07T05:41:26.599Z,facebook,cocacola
ObjectId(590eb38887df545e744442c1),like,187308396,2017-05-07T05:41:28.111Z,facebook,facebook
ObjectId(590eb38987df545e744442c3),like,82325845,2017-05-07T05:41:29.716Z,facebook,youtube
ObjectId(590eb38b87df545e744442c5),like,36490672,2017-05-07T05:41:31.625Z,facebook,pepsi
ObjectId(590eb38e87df545e744442c7),like,33183897,2017-05-07T05:41:34.681Z,facebook,walmart
ObjectId(590eb39187df545e744442c9),like,27275677,2017-05-07T05:41:37.207Z,facebook,amazon
ObjectId(590eb39387df545e744442cb),like,12345871,2017-05-07T05:41:39.784Z,facebook,lego
ObjectId(590eb39687df545e744442cd),like,54638096,2017-05-07T05:41:42.698Z,facebook,barackobama
ObjectId(590eb39887df545e744442cf),like,44115398,2017-05-07T05:41:44.521Z,facebook,instagram
ObjectId(590eb39c87df545e744442d1),like,5574113,2017-05-07T05:41:48.029Z,facebook,wikipedia
ObjectId(590eb5f687df545e744442d3),like,104250015,2017-05-07T05:51:50.041Z,facebook,cocacola
ObjectId(590eb5f787df545e744442d5),like,187308592,2017-05-07T05:51:51.421Z,facebook,facebook
ObjectId(590eb5f987df545e744442d7),like,82325911,2017-05-07T05:51:53.115Z,facebook,youtube
ObjectId(590eb5fa87df545e744442d9),like,36490697,2017-05-07T05:51:54.601Z,facebook,pepsi
ObjectId(590eb5fd87df545e744442db),like,33183899,2017-05-07T05:51:57.939Z,facebook,walmart
ObjectId(590eb60087df545e744442dd),like,27275686,2017-05-07T05:52:00.190Z,facebook,amazon
ObjectId(590eb60287df545e744442df),like,12345886,2017-05-07T05:52:02.378Z,facebook,lego
ObjectId(590eb60487df545e744442e1),like,54638108,2017-05-07T05:52:04.153Z,facebook,barackobama
ObjectId(590eb60587df545e744442e3),like,44115568,2017-05-07T05:52:05.703Z,facebook,instagram
ObjectId(590eb60787df545e744442e5),like,5574122,2017-05-07T05:52:07.471Z,facebook,wikipedia
